player_display_name,position,season,fantasy_points_ppr,adp_round,adp,rank,draft_outcome
Lamar Jackson,QB,2019,415.68,9.0,97.6,1,Big Value
Dak Prescott,QB,2019,337.78000000000003,11.0,127.2,2,Big Value
Russell Wilson,QB,2019,328.6,8.0,88.4,3,
Deshaun Watson,QB,2019,320.98,4.0,47.1,4,
Jameis Winston,QB,2019,305.36,9.0,105.1,5,Big Value
Josh Allen,QB,2019,288.56,13.0,145.8,6,Big Value
Patrick Mahomes,QB,2019,287.04,2.0,19.3,7,
Kyler Murray,QB,2019,285.28,10.0,110.9,8,
Aaron Rodgers,QB,2019,278.38,5.0,55.7,9,Big Bust
Carson Wentz,QB,2019,275.86,7.0,74.6,10,
Matt Ryan,QB,2019,267.34000000000003,6.0,69.2,11,
Tom Brady,QB,2019,263.68,10.0,114.6,12,
Jared Goff,QB,2019,247.52,7.0,81.5,13,
Jimmy Garoppolo,QB,2019,247.32,13.0,147.5,14,
Kirk Cousins,QB,2019,244.42000000000002,11.0,130.7,15,
Derek Carr,QB,2019,244.36,14.0,157.4,16,
Ryan Fitzpatrick,QB,2019,241.46,,,17,
Philip Rivers,QB,2019,235.5,10.0,116.1,18,
Gardner Minshew,QB,2019,229.24,,,19,
Baker Mayfield,QB,2019,229.18,6.0,63.2,20,
Drew Brees,QB,2019,224.76,7.0,73.9,21,
Ryan Tannehill,QB,2019,224.18,,,22,
Jacoby Brissett,QB,2019,217.68,,,23,
Daniel Jones,QB,2019,214.98000000000002,,,24,
Christian McCaffrey,RB,2019,471.20000000000005,1.0,3.2,1,
Aaron Jones,RB,2019,314.8,3.0,29.2,2,
Ezekiel Elliott,RB,2019,311.70000000000005,1.0,3.9,3,
Austin Ekeler,RB,2019,309.0,6.0,61.7,4,Big Value
Derrick Henry,RB,2019,294.6,4.0,43.8,5,Big Value
Dalvin Cook,RB,2019,292.4,2.0,14.6,6,
Leonard Fournette,RB,2019,259.4,2.0,23.2,7,
Nick Chubb,RB,2019,255.20000000000002,1.0,11.7,8,
Alvin Kamara,RB,2019,248.52,1.0,2.5,9,
Saquon Barkley,RB,2019,244.10000000000002,1.0,1.4,10,
Mark Ingram,RB,2019,242.5,4.0,39.7,11,Big Value
Chris Carson,RB,2019,232.6,3.0,26.5,12,
Joe Mixon,RB,2019,225.4,2.0,18.4,13,
Todd Gurley,RB,2019,219.4,2.0,16.0,14,
Miles Sanders,RB,2019,218.70000000000002,5.0,59.0,15,Value
Le'Veon Bell,RB,2019,215.0,1.0,8.8,16,
James White,RB,2019,202.2,4.0,48.1,17,Value
Phillip Lindsay,RB,2019,197.70000000000002,5.0,55.6,18,Value
Devonta Freeman,RB,2019,197.6,3.0,30.4,19,
Josh Jacobs,RB,2019,191.6,3.0,33.1,20,
Marlon Mack,RB,2019,181.3,4.0,46.5,21,
Melvin Gordon,RB,2019,180.8,4.0,42.0,22,
David Montgomery,RB,2019,170.4,3.0,31.3,23,
Raheem Mostert,RB,2019,167.2,16.0,,24,Big Value
Ronald Jones,RB,2019,166.3,14.0,158.1,25,
Tarik Cohen,RB,2019,163.9,6.0,71.0,26,
Kenyan Drake,RB,2019,159.4,7.0,82.9,27,
Latavius Murray,RB,2019,157.2,7.0,76.4,28,
Duke Johnson,RB,2019,154.0,5.0,51.7,29,
Carlos Hyde,RB,2019,153.2,13.0,151.9,30,
Sony Michel,RB,2019,152.6,4.0,37.4,31,
Devin Singletary,RB,2019,147.9,7.0,83.9,32,
Adrian Peterson,RB,2019,147.0,12.0,133.1,33,
Jamaal Williams,RB,2019,146.3,,,34,
James Conner,RB,2019,145.5,1.0,7.1,35,Season Ender
Royce Freeman,RB,2019,142.2,9.0,108.1,36,
David Johnson,RB,2019,141.5,1.0,7.1,37,Season Ender
Damien Williams,RB,2019,141.1,3.0,25.5,38,Big Bust
Tevin Coleman,RB,2019,135.4,5.0,57.7,39,Bust
DeAndre Washington,RB,2019,121.9,,,40,
LeSean McCoy,RB,2019,118.60000000000001,8.0,90.8,41,
Nyheim Hines,RB,2019,117.9,14.0,159.2,42,
Peyton Barber,RB,2019,116.5,11.0,131.3,43,
Jordan Howard,RB,2019,111.4,9.0,103.7,44,
Jaylen Samuels,RB,2019,104.4,10.0,119.0,45,
Matt Breida,RB,2019,103.3,8.0,84.8,46,
Kareem Hunt,RB,2019,101.4,9.0,100.8,47,
Rex Burkhead,RB,2019,101.10000000000001,,,48,
Boston Scott,RB,2019,98.9,,,49,
Frank Gore,RB,2019,94.9,13.0,152.3,50,
Chris Thompson,RB,2019,93.60000000000001,,,51,
Gus Edwards,RB,2019,92.60000000000001,,,52,
Tony Pollard,RB,2019,89.2,7.0,83.3,53,
Kerryon Johnson,RB,2019,85.0,3.0,28.5,54,Big Bust
J.D. McKissic,RB,2019,83.8,,,55,
Jalen Richard,RB,2019,82.80000000000001,,,56,
Chase Edmonds,RB,2019,82.8,,,57,
Dare Ogunbowale,RB,2019,75.3,14.0,157.9,58,
Rashaad Penny,RB,2019,75.3,8.0,95.3,58,
Travis Kelce,TE,2019,254.3,2.0,17.1,1,
George Kittle,TE,2019,222.5,3.0,28.3,2,
Darren Waller,TE,2019,221.0,13.0,155.8,3,Big Value
Zach Ertz,TE,2019,215.6,3.0,33.5,4,
Mark Andrews,TE,2019,207.2,12.0,142.1,5,Big Value
Austin Hooper,TE,2019,191.70000000000002,8.0,95.4,6,
Jared Cook,TE,2019,167.5,6.0,70.6,7,
Tyler Higbee,TE,2019,160.4,,,8,
Hunter Henry,TE,2019,150.2,6.0,63.3,9,
Dallas Goedert,TE,2019,144.7,,,10,
Jason Witten,TE,2019,139.9,,,11,
Mike Gesicki,TE,2019,136.0,,,12,
Greg Olsen,TE,2019,123.7,13.0,148.9,13,
Kyle Rudolph,TE,2019,113.7,13.0,154.9,14,
Jack Doyle,TE,2019,111.8,,,15,
Noah Fant,TE,2019,111.0,,,16,
Darren Fells,TE,2019,110.10000000000001,,,17,
Evan Engram,TE,2019,109.4,5.0,57.3,18,
Tyler Eifert,TE,2019,106.6,,,19,
Jonnu Smith,TE,2019,104.7,,,20,
Taysom Hill,TE,2019,102.2,,,21,
Jimmy Graham,TE,2019,100.7,,,22,
Ryan Griffin,TE,2019,98.0,,,23,
Jacob Hollister,TE,2019,93.9,,,24,
Michael Thomas,WR,2019,374.6,1.0,10.4,1,
Chris Godwin Jr.,WR,2019,276.1,4.0,39.9,2,Big Value
Julio Jones,WR,2019,274.1,1.0,10.2,3,
Cooper Kupp,WR,2019,270.5,4.0,45.2,4,Big Value
DeAndre Hopkins,WR,2019,268.54,1.0,7.0,5,
Keenan Allen,WR,2019,261.5,3.0,25.0,6,
Julian Edelman,WR,2019,256.28,3.0,36.1,7,
Allen Robinson,WR,2019,254.9,7.0,76.6,8,Season Winner
Kenny Golladay,WR,2019,248.0,4.0,47.1,9,Big Value
Amari Cooper,WR,2019,246.5,3.0,33.1,10,
DeVante Parker,WR,2019,246.2,16.0,,11,Season Winner
Jarvis Landry,WR,2019,237.4,6.0,64.8,12,Big Value
Tyler Lockett,WR,2019,235.20000000000002,4.0,42.9,13,Value
Robert Woods,WR,2019,232.9,4.0,42.2,14,Value
Mike Evans,WR,2019,232.70000000000002,2.0,20.2,15,
DJ Moore,WR,2019,230.5,6.0,67.2,16,Value
DJ Chark,WR,2019,225.8,16.0,,17,Big Value
Tyler Boyd,WR,2019,222.9,5.0,51.5,18,Value
Courtland Sutton,WR,2019,222.42000000000002,11.0,126.2,19,Big Value
John Brown,WR,2019,219.82,12.0,136.2,20,Big Value
A.J. Brown,WR,2019,217.1,16.0,,21,Big Value
Stefon Diggs,WR,2019,214.1,3.0,30.8,22,
Davante Adams,WR,2019,212.70000000000002,1.0,6.4,23,
Michael Gallup,WR,2019,212.7,10.0,113.8,24,Big Value
Odell Beckham Jr.,WR,2019,203.3,2.0,15.1,25,Big Bust
Jamison Crowder,WR,2019,197.70000000000002,11.0,128.8,26,
Calvin Ridley,WR,2019,197.0,5.0,53.5,27,
Marvin Jones,WR,2019,193.9,9.0,105.3,28,
Terry McLaurin,WR,2019,191.9,,,29,
Deebo Samuel Sr.,WR,2019,189.1,13.0,151.8,30,
Tyreek Hill,WR,2019,188.3,2.0,13.9,31,Season Ender
DK Metcalf,WR,2019,187.1,11.0,131.8,32,
Cole Beasley,WR,2019,184.8,14.0,159.6,33,
Larry Fitzgerald,WR,2019,177.4,9.0,106.5,34,
Curtis Samuel,WR,2019,171.7,8.0,88.0,35,
Darius Slayton,WR,2019,170.0,,,36,
Christian Kirk,WR,2019,168.2,8.0,89.9,37,
Diontae Johnson,WR,2019,165.1,,,38,
Robbie Chosen,WR,2019,162.3,7.0,75.9,39,
Mike Williams,WR,2019,161.3,5.0,60.3,40,Bust
Dede Westbrook,WR,2019,156.7,6.0,62.7,41,Bust
Chris Conley,WR,2019,156.5,,,42,
Randall Cobb,WR,2019,154.9,,,43,
Golden Tate,WR,2019,154.20000000000002,11.0,123.3,44,
Marquise Brown,WR,2019,146.4,,,45,
Tyrell Williams,WR,2019,143.1,11.0,131.4,46,
Sterling Shepard,WR,2019,141.8,8.0,92.2,47,
Danny Amendola,WR,2019,140.56,,,48,
Sammy Watkins,WR,2019,138.5,8.0,96.1,49,
Breshad Perriman,WR,2019,138.1,,,50,
Zach Pascal,WR,2019,135.3,,,51,
Will Fuller,WR,2019,134.0,7.0,81.6,52,
James Washington,WR,2019,133.5,9.0,101.3,53,
Hunter Renfrow,WR,2019,133.5,,,53,
Anthony Miller,WR,2019,127.5,12.0,134.4,55,
T.Y. Hilton,WR,2019,125.1,5.0,49.0,56,Bust
Mecole Hardman,WR,2019,123.5,12.0,137.7,57,
Alshon Jeffery,WR,2019,122.2,6.0,71.9,58,Bust
Kenny Stills,WR,2019,120.1,14.0,161.5,59,
Brandin Cooks,WR,2019,117.5,4.0,39.1,60,Bust
Josh Allen,QB,2020,396.06,9.0,101.5,1,Big Value
Aaron Rodgers,QB,2020,383.26,8.0,94.3,2,
Kyler Murray,QB,2020,378.74,6.0,62.6,3,
Patrick Mahomes,QB,2020,374.4,2.0,18.7,4,
Deshaun Watson,QB,2020,369.32,6.0,69.3,5,
Russell Wilson,QB,2020,359.78000000000003,6.0,62.0,6,
Ryan Tannehill,QB,2020,344.36,13.0,156.4,7,
Tom Brady,QB,2020,337.92,8.0,88.0,8,
Justin Herbert,QB,2020,332.84000000000003,,,9,
Lamar Jackson,QB,2020,332.78000000000003,2.0,22.7,10,Big Bust
Kirk Cousins,QB,2020,306.2,,,11,
Matt Ryan,QB,2020,282.44,8.0,84.8,12,
Derek Carr,QB,2020,272.12,,,13,
Ben Roethlisberger,QB,2020,267.22,11.0,129.5,14,
Cam Newton,QB,2020,260.98,11.0,120.7,15,
Matthew Stafford,QB,2020,260.56,10.0,111.3,16,
Baker Mayfield,QB,2020,248.62,13.0,144.7,17,
Teddy Bridgewater,QB,2020,241.22,,,18,
Jared Goff,QB,2020,239.98000000000002,13.0,147.2,19,
Philip Rivers,QB,2020,239.96,14.0,159.6,20,
Drew Brees,QB,2020,209.48000000000002,7.0,80.1,21,
Carson Wentz,QB,2020,198.4,9.0,107.9,22,
Drew Lock,QB,2020,181.32,14.0,162.4,23,
Daniel Jones,QB,2020,180.02,11.0,125.4,24,
Alvin Kamara,RB,2020,377.8,1.0,4.9,1,
Dalvin Cook,RB,2020,337.8,1.0,6.2,2,
Derrick Henry,RB,2020,333.1,1.0,7.4,3,
David Montgomery,RB,2020,264.8,5.0,59.7,4,Big Value
Aaron Jones,RB,2020,258.90000000000003,2.0,17.5,5,
Jonathan Taylor,RB,2020,252.8,3.0,32.6,6,
James Robinson,RB,2020,250.4,16.0,,7,Season Winner
Josh Jacobs,RB,2020,231.3,1.0,9.1,8,
Ezekiel Elliott,RB,2020,223.70000000000002,1.0,3.4,9,
Kareem Hunt,RB,2020,218.5,5.0,53.1,10,Big Value
Nick Chubb,RB,2020,207.70000000000002,2.0,16.3,11,
Mike Davis,RB,2020,206.5,16.0,,12,Season Winner
Antonio Gibson,RB,2020,202.2,7.0,79.0,13,Big Value
Melvin Gordon,RB,2020,198.4,4.0,39.4,14,Value
Nyheim Hines,RB,2020,193.2,12.0,139.9,15,Big Value
Kenyan Drake,RB,2020,192.2,2.0,14.8,16,
J.D. McKissic,RB,2020,191.4,16.0,,17,Big Value
D'Andre Swift,RB,2020,189.8,6.0,61.4,18,Value
Chris Carson,RB,2020,187.8,3.0,26.4,19,
Ronald Jones,RB,2020,186.3,5.0,56.5,20,Value
David Johnson,RB,2020,179.5,3.0,28.5,21,
Clyde Edwards-Helaire,RB,2020,176.0,1.0,6.2,22,
Miles Sanders,RB,2020,170.4,1.0,12.0,23,
J.K. Dobbins,RB,2020,168.5,6.0,67.0,24,
Chase Edmonds,RB,2020,168.0,9.0,101.1,25,
Austin Ekeler,RB,2020,165.3,1.0,11.5,26,Big Bust
James Conner,RB,2020,164.6,2.0,22.4,27,Big Bust
Myles Gaskin,RB,2020,164.20000000000002,,,28,
Todd Gurley,RB,2020,163.20000000000002,3.0,29.1,29,Big Bust
Giovani Bernard,RB,2020,158.10000000000002,,,30,
Devin Singletary,RB,2020,143.60000000000002,4.0,46.4,31,
Jeff Wilson,RB,2020,142.3,,,32,
Wayne Gallman,RB,2020,136.6,,,33,
Latavius Murray,RB,2020,136.20000000000002,8.0,94.9,34,
Leonard Fournette,RB,2020,132.0,3.0,35.4,35,Big Bust
Darrell Henderson,RB,2020,130.3,10.0,114.1,36,
Gus Edwards,RB,2020,128.20000000000002,,,37,
Jamaal Williams,RB,2020,127.10000000000001,,,38,
Jerick McKinnon,RB,2020,126.2,13.0,152.3,39,
Adrian Peterson,RB,2020,124.5,10.0,118.4,40,
Tony Pollard,RB,2020,120.80000000000001,10.0,119.4,41,
James White,RB,2020,116.6,7.0,72.7,42,
Malcolm Brown,RB,2020,109.1,,,43,
Rex Burkhead,RB,2020,107.6,,,44,
Cam Akers,RB,2020,101.80000000000001,5.0,52.8,45,Bust
Zack Moss,RB,2020,101.6,7.0,83.7,46,
Frank Gore,RB,2020,100.2,,,47,
Raheem Mostert,RB,2020,99.7,5.0,49.4,48,Bust
Joe Mixon,RB,2020,99.60000000000001,2.0,13.1,49,Season Ender
Boston Scott,RB,2020,95.60000000000001,10.0,120.1,50,
Brian Hill,RB,2020,95.4,,,51,
Damien Harris,RB,2020,91.30000000000001,9.0,101.1,52,
Christian McCaffrey,RB,2020,90.4,1.0,1.2,53,Season Ender
Alexander Mattison,RB,2020,86.9,9.0,96.7,54,
Devontae Booker,RB,2020,85.7,,,55,
Carlos Hyde,RB,2020,84.9,14.0,156.5,56,
Duke Johnson,RB,2020,84.4,11.0,131.0,57,
Joshua Kelley,RB,2020,81.2,13.0,154.5,58,
Kalen Ballage,RB,2020,76.9,,,59,
Sony Michel,RB,2020,75.30000000000001,9.0,107.4,60,
Travis Kelce,TE,2020,312.76,2.0,19.9,1,
Darren Waller,TE,2020,278.6,6.0,61.6,2,
Logan Thomas,TE,2020,176.62,16.0,,3,Big Value
Robert Tonyan,TE,2020,176.6,16.0,,4,Big Value
T.J. Hockenson,TE,2020,175.3,12.0,143.1,5,Big Value
Mark Andrews,TE,2020,170.10000000000002,4.0,42.4,6,
Mike Gesicki,TE,2020,159.3,13.0,146.5,7,
Taysom Hill,TE,2020,156.62,,,8,
Rob Gronkowski,TE,2020,149.3,6.0,70.4,9,
Noah Fant,TE,2020,149.3,10.0,119.6,9,
Hayden Hurst,TE,2020,149.1,7.0,79.4,11,
Dalton Schultz,TE,2020,146.5,,,12,
Hunter Henry,TE,2020,145.3,9.0,98.0,13,
Jimmy Graham,TE,2020,143.6,,,14,
Eric Ebron,TE,2020,141.8,,,15,
Evan Engram,TE,2020,141.0,7.0,74.8,16,
Jonnu Smith,TE,2020,140.2,13.0,153.6,17,
Tyler Higbee,TE,2020,128.2,8.0,89.7,18,
Jared Cook,TE,2020,127.4,10.0,115.2,19,
George Kittle,TE,2020,125.1,2.0,24.4,20,Big Bust
Dallas Goedert,TE,2020,116.4,,,21,
Austin Hooper,TE,2020,113.5,12.0,136.7,22,
Irv Smith,TE,2020,98.5,,,23,
Dan Arnold,TE,2020,96.8,,,24,
Davante Adams,WR,2020,358.40000000000003,1.0,10.4,1,
Tyreek Hill,WR,2020,328.90000000000003,2.0,15.8,2,
Stefon Diggs,WR,2020,328.6,6.0,65.0,3,Big Value
DeAndre Hopkins,WR,2020,287.8,2.0,18.5,4,
Calvin Ridley,WR,2020,281.5,4.0,40.9,5,Big Value
Justin Jefferson,WR,2020,274.2,11.0,121.5,6,Season Winner
DK Metcalf,WR,2020,271.3,4.0,45.3,7,Big Value
Tyler Lockett,WR,2020,265.4,5.0,49.9,8,Big Value
Allen Robinson,WR,2020,262.90000000000003,3.0,31.8,9,
Adam Thielen,WR,2020,254.0,3.0,30.3,10,
Mike Evans,WR,2020,248.6,3.0,27.9,11,
A.J. Brown,WR,2020,247.5,4.0,44.4,12,Big Value
Keenan Allen,WR,2020,245.1,5.0,53.5,13,Value
Robert Woods,WR,2020,245.1,4.0,42.4,13,Value
Amari Cooper,WR,2020,236.8,4.0,38.1,15,Value
JuJu Smith-Schuster,WR,2020,234.1,4.0,36.9,16,
Brandin Cooks,WR,2020,232.0,7.0,81.5,17,Big Value
Marvin Jones,WR,2020,227.8,8.0,95.1,18,Big Value
Robbie Chosen,WR,2020,224.1,14.0,163.9,19,Big Value
Diontae Johnson,WR,2020,223.8,8.0,89.4,20,Big Value
Terry McLaurin,WR,2020,223.8,5.0,50.8,20,Value
CeeDee Lamb,WR,2020,217.70000000000002,8.0,93.2,22,Big Value
Chase Claypool,WR,2020,214.9,16.0,,23,Big Value
Curtis Samuel,WR,2020,212.1,14.0,163.9,24,Big Value
DJ Moore,WR,2020,211.5,3.0,32.6,25,Big Bust
Cooper Kupp,WR,2020,210.70000000000002,4.0,40.3,26,
Cole Beasley,WR,2020,207.5,,,27,
Tee Higgins,WR,2020,194.6,,,28,
Tyler Boyd,WR,2020,192.64000000000001,7.0,78.5,29,
Corey Davis,WR,2020,191.4,,,30,
Chris Godwin Jr.,WR,2020,191.0,2.0,21.5,31,Big Bust
Will Fuller,WR,2020,188.9,6.0,70.5,32,
Jarvis Landry,WR,2020,187.96,8.0,85.5,33,
Nelson Agholor,WR,2020,185.6,,,34,
Brandon Aiyuk,WR,2020,184.5,12.0,135.9,35,
Marquise Brown,WR,2020,183.0,,,36,
Russell Gage,WR,2020,181.06,,,37,
Michael Gallup,WR,2020,173.3,6.0,72.2,38,
Jamison Crowder,WR,2020,172.02,9.0,102.6,39,
DeVante Parker,WR,2020,166.3,6.0,66.7,40,Bust
Emmanuel Sanders,WR,2020,164.8,9.0,100.0,41,
T.Y. Hilton,WR,2020,164.20000000000002,5.0,57.5,42,Bust
Sterling Shepard,WR,2020,162.5,10.0,118.9,43,
Tim Patrick,WR,2020,161.20000000000002,,,44,
Jerry Jeudy,WR,2020,157.6,10.0,112.3,45,
Laviska Shenault Jr.,WR,2020,157.1,,,46,
Keelan Cole,WR,2020,155.4,,,47,
Mike Williams,WR,2020,153.7,14.0,161.9,48,
DJ Chark,WR,2020,153.6,4.0,47.5,49,Bust
Darnell Mooney,WR,2020,152.1,,,50,
Christian Kirk,WR,2020,146.4,10.0,116.9,51,
Julio Jones,WR,2020,146.10000000000002,2.0,14.4,52,Big Bust
Jakobi Meyers,WR,2020,142.52,,,53,
Darius Slayton,WR,2020,141.0,10.0,113.2,54,
Marquez Valdes-Scantling,WR,2020,137.3,,,55,
Zach Pascal,WR,2020,136.9,,,56,
Gabe Davis,WR,2020,136.9,,,56,
Greg Ward,WR,2020,133.1,,,58,
Hunter Renfrow,WR,2020,131.6,,,59,
Mecole Hardman,WR,2020,130.1,9.0,106.1,60,
Josh Allen,QB,2021,402.58,3.0,34.4,1,
Justin Herbert,QB,2021,380.76,6.0,69.3,2,
Tom Brady,QB,2021,374.74,7.0,77.8,3,
Patrick Mahomes,QB,2021,361.66,2.0,22.9,4,
Aaron Rodgers,QB,2021,333.3,5.0,59.0,5,
Matthew Stafford,QB,2021,329.74,8.0,85.0,6,
Dak Prescott,QB,2021,320.56,6.0,66.7,7,
Joe Burrow,QB,2021,314.24,10.0,112.4,8,
Jalen Hurts,QB,2021,312.16,9.0,100.2,9,
Kyler Murray,QB,2021,300.48,4.0,41.3,10,Big Bust
Kirk Cousins,QB,2021,300.34000000000003,14.0,160.9,11,
Ryan Tannehill,QB,2021,268.36,8.0,96.1,12,
Carson Wentz,QB,2021,258.02000000000004,14.0,167.1,13,
Derek Carr,QB,2021,256.96000000000004,,,14,
Russell Wilson,QB,2021,242.82,6.0,69.4,15,
Lamar Jackson,QB,2021,239.98000000000002,5.0,50.9,16,Big Bust
Jimmy Garoppolo,QB,2021,227.5,,,17,
Mac Jones,QB,2021,224.94,14.0,157.4,18,
Matt Ryan,QB,2021,222.92,11.0,129.8,19,
Taylor Heinicke,QB,2021,222.86,,,20,
Ben Roethlisberger,QB,2021,218.1,12.0,143.2,21,
Teddy Bridgewater,QB,2021,202.68,,,22,
Trevor Lawrence,QB,2021,199.04,13.0,144.7,23,
Jared Goff,QB,2021,194.5,,,24,
Jonathan Taylor,RB,2021,373.1,2.0,13.8,1,
Austin Ekeler,RB,2021,343.8,1.0,8.5,2,
Najee Harris,RB,2021,300.7,2.0,12.9,3,
Joe Mixon,RB,2021,287.9,2.0,19.2,4,
James Conner,RB,2021,257.7,8.0,96.2,5,Season Winner
Leonard Fournette,RB,2021,255.60000000000002,8.0,90.1,6,Season Winner
Ezekiel Elliott,RB,2021,252.06,1.0,5.3,7,
Alvin Kamara,RB,2021,234.70000000000002,1.0,3.8,8,
Cordarrelle Patterson,RB,2021,234.60000000000002,16.0,,9,Season Winner
Antonio Gibson,RB,2021,229.10000000000002,2.0,15.6,10,
Aaron Jones,RB,2021,229.0,1.0,7.5,11,
Josh Jacobs,RB,2021,226.0,3.0,35.4,12,
Nick Chubb,RB,2021,215.3,1.0,9.9,13,
Damien Harris,RB,2021,210.1,5.0,55.5,14,Value
D'Andre Swift,RB,2021,208.9,3.0,34.0,15,
Dalvin Cook,RB,2021,206.3,1.0,2.5,16,
Javonte Williams,RB,2021,204.9,5.0,52.7,17,Value
Devin Singletary,RB,2021,197.8,8.0,91.2,18,Big Value
Darrel Williams,RB,2021,196.0,13.0,150.3,19,Big Value
Melvin Gordon,RB,2021,195.1,7.0,75.2,20,Big Value
David Montgomery,RB,2021,195.0,3.0,25.9,21,
Derrick Henry,RB,2021,193.3,1.0,4.0,22,
AJ Dillon,RB,2021,185.6,7.0,79.1,23,Big Value
James Robinson,RB,2021,173.9,3.0,29.1,24,
Myles Gaskin,RB,2021,173.6,4.0,45.7,25,
Elijah Mitchell,RB,2021,165.0,,,26,
Darrell Henderson,RB,2021,163.4,4.0,43.8,27,
Tony Pollard,RB,2021,162.6,9.0,102.7,28,
Michael Carter,RB,2021,154.4,7.0,76.1,29,
Saquon Barkley,RB,2021,148.6,1.0,12.0,30,Big Bust
Devonta Freeman,RB,2021,146.6,,,31,
Sony Michel,RB,2021,146.3,8.0,93.4,32,
Devontae Booker,RB,2021,144.10000000000002,13.0,155.5,33,
Chase Edmonds,RB,2021,143.3,5.0,60.4,34,
Mike Davis,RB,2021,138.2,4.0,43.1,35,
Chuba Hubbard,RB,2021,137.6,11.0,127.6,36,
J.D. McKissic,RB,2021,127.9,10.0,116.8,37,
Christian McCaffrey,RB,2021,127.5,1.0,1.2,38,Season Ender
Alexander Mattison,RB,2021,125.9,9.0,106.5,39,
Brandon Bolden,RB,2021,124.1,,,40,
Kenny Gainwell,RB,2021,123.4,13.0,154.8,41,
Rashaad Penny,RB,2021,121.7,12.0,137.9,42,
Jamaal Williams,RB,2021,119.8,8.0,92.0,43,
Clyde Edwards-Helaire,RB,2021,117.6,2.0,20.4,44,Big Bust
Miles Sanders,RB,2021,117.20000000000002,4.0,38.7,45,Bust
Ty Johnson,RB,2021,117.00000000000001,,,46,
Nyheim Hines,RB,2021,116.60000000000001,11.0,120.6,47,
Rhamondre Stevenson,RB,2021,114.9,11.0,121.3,48,
Kareem Hunt,RB,2021,110.0,5.0,53.2,49,Bust
Zack Moss,RB,2021,105.2,7.0,83.8,50,
Rex Burkhead,RB,2021,104.3,,,51,
D'Ernest Johnson,RB,2021,104.10000000000001,,,52,
Latavius Murray,RB,2021,103.60000000000001,11.0,130.6,53,
Kenyan Drake,RB,2021,102.5,9.0,102.9,54,
Boston Scott,RB,2021,98.6,,,55,
D'Onta Foreman,RB,2021,93.9,,,56,
Justin Jackson,RB,2021,86.20000000000002,13.0,154.6,57,
Samaje Perine,RB,2021,83.2,,,58,
Ameer Abdullah,RB,2021,81.80000000000001,,,59,
David Johnson,RB,2021,81.3,10.0,115.0,60,
Mark Andrews,TE,2021,301.1,5.0,52.8,1,
Travis Kelce,TE,2021,262.8,1.0,8.2,2,
Dalton Schultz,TE,2021,208.8,16.0,,3,Big Value
George Kittle,TE,2021,198.0,3.0,28.5,4,
Kyle Pitts,TE,2021,176.6,4.0,40.3,5,
Rob Gronkowski,TE,2021,171.2,12.0,142.8,6,Big Value
Dallas Goedert,TE,2021,165.0,8.0,93.9,7,
Mike Gesicki,TE,2021,165.0,10.0,114.3,7,
Hunter Henry,TE,2021,164.3,13.0,149.7,9,
Dawson Knox,TE,2021,164.1,,,10,
Noah Fant,TE,2021,159.0,7.0,79.2,11,
Pat Freiermuth,TE,2021,151.7,14.0,157.3,12,
Tyler Higbee,TE,2021,147.0,8.0,95.8,13,
T.J. Hockenson,TE,2021,145.3,5.0,55.4,14,
Tyler Conklin,TE,2021,138.3,,,15,
Darren Waller,TE,2021,133.5,2.0,21.5,16,Big Bust
Jared Cook,TE,2021,132.4,13.0,155.0,17,
Zach Ertz,TE,2021,131.8,14.0,157.1,18,
C.J. Uzomah,TE,2021,128.3,,,19,
Taysom Hill,TE,2021,121.72,,,20,
Cole Kmet,TE,2021,121.2,,,21,
Gerald Everett,TE,2021,117.8,14.0,156.6,22,
David Njoku,TE,2021,107.60000000000001,,,23,
Evan Engram,TE,2021,102.5,13.0,150.9,24,
Cooper Kupp,WR,2021,439.5,4.0,41.3,1,Big Value
Davante Adams,WR,2021,344.3,1.0,6.4,2,
Deebo Samuel Sr.,WR,2021,338.96000000000004,8.0,89.8,3,Season Winner
Justin Jefferson,WR,2021,330.4,2.0,22.4,4,
Ja'Marr Chase,WR,2021,304.6,7.0,77.4,5,Season Winner
Tyreek Hill,WR,2021,296.5,1.0,10.6,6,
Stefon Diggs,WR,2021,285.5,2.0,13.5,7,
Diontae Johnson,WR,2021,274.40000000000003,4.0,44.9,8,Big Value
Mike Evans,WR,2021,262.5,4.0,37.8,9,Big Value
Hunter Renfrow,WR,2021,259.1,16.0,,10,Season Winner
Keenan Allen,WR,2021,257.8,3.0,25.9,11,
Jaylen Waddle,WR,2021,247.8,9.0,99.2,12,Season Winner
Mike Williams,WR,2021,246.60000000000002,10.0,116.2,13,Big Value
DK Metcalf,WR,2021,244.3,2.0,19.7,14,
Chris Godwin Jr.,WR,2021,242.4,4.0,47.2,15,Value
Tyler Lockett,WR,2021,241.4,4.0,48.4,16,Value
Michael Pittman,WR,2021,238.6,9.0,104.4,17,Big Value
DJ Moore,WR,2021,237.5,5.0,57.0,18,Value
CeeDee Lamb,WR,2021,232.8,3.0,29.6,19,
Brandin Cooks,WR,2021,231.8,9.0,102.9,20,Big Value
Marquise Brown,WR,2021,228.3,16.0,,21,Big Value
Amon-Ra St. Brown,WR,2021,227.3,14.0,158.5,22,Big Value
Darnell Mooney,WR,2021,219.70000000000002,10.0,109.0,23,Big Value
Tee Higgins,WR,2021,219.1,6.0,61.3,24,
Terry McLaurin,WR,2021,213.5,3.0,30.3,25,Big Bust
Christian Kirk,WR,2021,207.62,,,26,
Amari Cooper,WR,2021,202.5,4.0,40.0,27,
Adam Thielen,WR,2021,199.8,5.0,52.3,28,
Jakobi Meyers,WR,2021,186.3,10.0,116.2,29,
DeVonta Smith,WR,2021,185.6,7.0,77.6,30,
Tyler Boyd,WR,2021,183.84,9.0,97.3,31,
A.J. Brown,WR,2021,180.9,3.0,24.8,32,Big Bust
Kendrick Bourne,WR,2021,180.5,,,33,
Marvin Jones,WR,2021,180.2,11.0,126.0,34,
Brandon Aiyuk,WR,2021,170.3,5.0,53.9,35,
Van Jefferson,WR,2021,168.20000000000002,,,36,
Chase Claypool,WR,2021,166.6,6.0,61.1,37,Bust
Russell Gage,WR,2021,163.0,12.0,133.8,38,
Cole Beasley,WR,2021,159.3,13.0,150.9,39,
K.J. Osborn,WR,2021,158.5,,,40,
A.J. Green,WR,2021,156.8,14.0,156.6,41,
Tim Patrick,WR,2021,156.4,,,42,
Marquez Callaway,WR,2021,151.8,8.0,90.5,43,
Courtland Sutton,WR,2021,150.24,8.0,85.7,44,
Cedrick Wilson Jr.,WR,2021,147.82,,,45,
DeAndre Hopkins,WR,2021,147.20000000000002,2.0,17.0,46,Big Bust
Allen Lazard,WR,2021,142.5,,,47,
Mecole Hardman,WR,2021,140.9,9.0,100.0,48,
Robbie Chosen,WR,2021,138.5,7.0,75.0,49,
Elijah Moore,WR,2021,138.2,12.0,132.6,50,
Robert Woods,WR,2021,137.2,3.0,35.1,51,Big Bust
Jarvis Landry,WR,2021,133.0,10.0,118.2,52,
Kalif Raymond,WR,2021,132.4,,,53,
Emmanuel Sanders,WR,2021,131.7,,,54,
Byron Pringle,WR,2021,128.8,,,55,
Laviska Shenault Jr.,WR,2021,127.0,8.0,85.9,56,
Gabe Davis,WR,2021,125.9,12.0,144.3,57,
Antonio Brown,WR,2021,121.10000000000001,7.0,72.7,58,
Braxton Berrios,WR,2021,121.1,,,59,
Quez Watkins,WR,2021,116.0,,,60,
Patrick Mahomes,QB,2022,417.4,4.0,38.3,1,
Josh Allen,QB,2022,395.52,2.0,20.4,2,
Jalen Hurts,QB,2022,378.04,5.0,56.3,3,
Joe Burrow,QB,2022,350.7,4.0,46.1,4,
Geno Smith,QB,2022,303.88,16.0,,5,Big Value
Justin Fields,QB,2022,295.98,12.0,138.0,6,Big Value
Trevor Lawrence,QB,2022,295.62,12.0,142.9,7,
Kirk Cousins,QB,2022,291.58,10.0,108.6,8,
Daniel Jones,QB,2022,289.0,,,9,
Jared Goff,QB,2022,284.32,,,10,
Justin Herbert,QB,2022,281.26,3.0,33.2,11,Big Bust
Tom Brady,QB,2022,271.65999999999997,8.0,86.8,12,
Aaron Rodgers,QB,2022,239.2,7.0,80.2,13,
Lamar Jackson,QB,2022,236.08,5.0,51.3,14,Big Bust
Tua Tagovailoa,QB,2022,230.92000000000002,11.0,121.2,15,
Russell Wilson,QB,2022,225.76000000000002,6.0,72.5,16,
Derek Carr,QB,2022,219.08,9.0,103.1,17,
Kyler Murray,QB,2022,200.52,6.0,61.6,18,
Dak Prescott,QB,2022,198.60000000000002,7.0,83.6,19,
Marcus Mariota,QB,2022,196.56,,,20,
Davis Mills,QB,2022,181.52,,,21,
Andy Dalton,QB,2022,174.24,,,22,
Mac Jones,QB,2022,170.08,,,23,
Jacoby Brissett,QB,2022,168.62,,,24,
Austin Ekeler,RB,2022,372.7,1.0,2.7,1,
Josh Jacobs,RB,2022,328.3,4.0,46.8,2,Big Value
Derrick Henry,RB,2022,302.76,1.0,4.3,3,
Saquon Barkley,RB,2022,284.0,2.0,15.5,4,
Nick Chubb,RB,2022,281.4,2.0,18.8,5,
Rhamondre Stevenson,RB,2022,249.10000000000002,7.0,76.0,6,Season Winner
Tony Pollard,RB,2022,248.8,6.0,70.8,7,Big Value
Aaron Jones,RB,2022,248.60000000000002,2.0,14.9,8,
Joe Mixon,RB,2022,239.5,1.0,10.1,9,
Christian McCaffrey,RB,2022,238.36,1.0,2.4,10,
Dalvin Cook,RB,2022,237.8,1.0,7.5,11,
Leonard Fournette,RB,2022,226.1,2.0,21.9,12,
Jamaal Williams,RB,2022,225.9,11.0,121.7,13,Big Value
Najee Harris,RB,2022,225.46,1.0,7.1,14,
Miles Sanders,RB,2022,216.70000000000002,6.0,61.7,15,Value
Alvin Kamara,RB,2022,211.7,1.0,10.9,16,
Travis Etienne,RB,2022,205.1,3.0,33.6,17,
Kenneth Walker III,RB,2022,202.5,8.0,92.9,18,Big Value
James Conner,RB,2022,200.2,3.0,28.4,19,
Jerick McKinnon,RB,2022,196.3,16.0,,20,Big Value
D'Andre Swift,RB,2022,191.1,2.0,12.8,21,
Ezekiel Elliott,RB,2022,185.8,3.0,27.7,22,
Devin Singletary,RB,2022,177.9,7.0,74.4,23,Big Value
David Montgomery,RB,2022,177.70000000000002,4.0,39.3,24,
Raheem Mostert,RB,2022,168.3,9.0,101.9,25,
AJ Dillon,RB,2022,167.6,5.0,48.7,26,
Dameon Pierce,RB,2022,166.4,6.0,70.5,27,
Antonio Gibson,RB,2022,165.9,10.0,114.7,28,
Tyler Allgeier,RB,2022,159.4,9.0,107.6,29,
Cordarrelle Patterson,RB,2022,154.70000000000002,8.0,91.4,30,
Jonathan Taylor,RB,2022,146.4,1.0,1.3,31,Season Ender
Samaje Perine,RB,2022,142.1,,,32,
Cam Akers,RB,2022,141.3,3.0,33.1,33,Big Bust
Rachaad White,RB,2022,141.1,11.0,123.3,34,
Latavius Murray,RB,2022,140.7,,,35,
Isiah Pacheco,RB,2022,135.0,10.0,118.0,36,
D'Onta Foreman,RB,2022,131.0,,,37,
Kareem Hunt,RB,2022,126.8,6.0,68.9,38,Bust
Michael Carter,RB,2022,126.0,10.0,113.3,39,
Christian McCaffrey,RB,2022,118.0,1.0,2.4,40,Season Ender
Khalil Herbert,RB,2022,117.80000000000001,,,41,
Breece Hall,RB,2022,115.10000000000001,4.0,44.4,42,Bust
Brian Robinson,RB,2022,112.7,10.0,112.7,43,
James Cook,RB,2022,105.7,8.0,92.0,44,
Kenyan Drake,RB,2022,104.10000000000001,,,45,
Clyde Edwards-Helaire,RB,2022,98.3,5.0,54.3,46,Bust
Jaylen Warren,RB,2022,93.3,,,47,
Damien Harris,RB,2022,90.9,5.0,59.8,48,Bust
Chuba Hubbard,RB,2022,89.7,,,49,
Alexander Mattison,RB,2022,88.4,11.0,128.9,50,
Kenny Gainwell,RB,2022,87.9,9.0,105.8,51,
Melvin Gordon,RB,2022,87.1,8.0,85.4,52,
Eno Benjamin,RB,2022,86.30000000000001,,,53,
Jeff Wilson,RB,2022,84.6,,,54,
Deon Jackson,RB,2022,84.5,,,55,
J.K. Dobbins,RB,2022,81.2,4.0,38.8,56,Bust
Dontrell Hilliard,RB,2022,77.2,,,57,
Jeff Wilson,RB,2022,73.9,,,58,
Darrell Henderson,RB,2022,73.5,10.0,111.9,59,
James Robinson,RB,2022,71.6,9.0,101.5,60,
Travis Kelce,TE,2022,316.3,2.0,16.5,1,
George Kittle,TE,2022,200.5,4.0,44.2,2,
Mark Andrews,TE,2022,190.5,3.0,25.5,3,
Evan Engram,TE,2022,176.9,16.0,,4,Big Value
Tyler Higbee,TE,2022,152.0,16.0,,5,Big Value
Pat Freiermuth,TE,2022,148.2,9.0,100.0,6,Big Value
Cole Kmet,TE,2022,147.29999999999998,9.0,103.6,7,
Taysom Hill,TE,2022,145.8,,,8,
Dalton Schultz,TE,2022,142.7,6.0,62.6,9,
David Njoku,TE,2022,142.0,,,10,
Dallas Goedert,TE,2022,141.2,7.0,75.2,11,
Gerald Everett,TE,2022,139.5,,,12,
Dawson Knox,TE,2022,135.7,10.0,111.5,13,
Juwan Johnson,TE,2022,134.8,,,14,
T.J. Hockenson,TE,2022,131.9,10.0,120.2,15,
Tyler Conklin,TE,2022,131.5,,,16,
Noah Fant,TE,2022,122.6,,,17,
Jordan Akins,TE,2022,116.5,,,18,
Zach Ertz,TE,2022,115.60000000000001,8.0,89.0,19,
Robert Tonyan,TE,2022,112.0,13.0,147.9,20,
Hayden Hurst,TE,2022,105.4,,,21,
Hunter Henry,TE,2022,103.9,12.0,134.1,22,
Mike Gesicki,TE,2022,98.2,,,23,
Austin Hooper,TE,2022,97.4,,,24,
Justin Jefferson,WR,2022,368.66,1.0,4.6,1,
Tyreek Hill,WR,2022,341.2,2.0,22.7,2,
Davante Adams,WR,2022,335.5,1.0,12.0,3,
Stefon Diggs,WR,2022,316.6,2.0,13.6,4,
CeeDee Lamb,WR,2022,301.6,2.0,17.5,5,
A.J. Brown,WR,2022,299.6,3.0,30.4,6,
Amon-Ra St. Brown,WR,2022,267.6,7.0,73.4,7,
Jaylen Waddle,WR,2022,259.2,4.0,47.7,8,Big Value
DeVonta Smith,WR,2022,256.6,8.0,86.6,9,Season Winner
Amari Cooper,WR,2022,246.0,7.0,84.2,10,Season Winner
Ja'Marr Chase,WR,2022,242.4,1.0,8.7,11,
Christian Kirk,WR,2022,241.9,8.0,96.2,12,Season Winner
Tyler Lockett,WR,2022,239.3,10.0,112.5,13,Big Value
Terry McLaurin,WR,2022,229.0,4.0,38.0,14,Value
Brandon Aiyuk,WR,2022,227.8,8.0,90.0,15,Big Value
DK Metcalf,WR,2022,226.8,5.0,51.4,16,Value
Mike Evans,WR,2022,225.4,3.0,26.5,17,
Chris Godwin Jr.,WR,2022,222.8,5.0,56.5,18,Value
Tee Higgins,WR,2022,220.9,3.0,32.5,19,
Michael Pittman,WR,2022,216.5,3.0,24.9,20,
Garrett Wilson,WR,2022,215.7,16.0,,21,Big Value
Jerry Jeudy,WR,2022,204.20000000000002,6.0,61.7,22,
Cooper Kupp,WR,2022,201.4,1.0,5.7,23,
DJ Moore,WR,2022,199.10000000000002,3.0,35.9,24,
Chris Olave,WR,2022,198.20000000000002,10.0,110.4,25,
Zay Jones,WR,2022,198.1,,,26,
JuJu Smith-Schuster,WR,2022,185.3,7.0,75.9,27,
Jakobi Meyers,WR,2022,182.3,,,28,
Diontae Johnson,WR,2022,180.7,4.0,43.4,29,
Adam Thielen,WR,2022,180.0,6.0,63.8,30,
Drake London,WR,2022,178.6,9.0,102.2,31,
Mike Williams,WR,2022,176.5,4.0,39.6,32,
Curtis Samuel,WR,2022,176.3,,,33,
Allen Lazard,WR,2022,174.8,8.0,89.5,34,
Gabe Davis,WR,2022,171.6,6.0,62.9,35,
Josh Palmer,WR,2022,169.3,,,36,
Deebo Samuel Sr.,WR,2022,168.4,2.0,19.6,37,Big Bust
Tyler Boyd,WR,2022,167.12,11.0,123.0,38,
Donovan Peoples-Jones,WR,2022,167.1,,,39,
George Pickens,WR,2022,166.5,11.0,123.6,40,
Christian Watson,WR,2022,164.10000000000002,,,41,
Keenan Allen,WR,2022,164.0,3.0,29.5,42,Big Bust
Courtland Sutton,WR,2022,159.4,4.0,45.3,43,Bust
Marquise Brown,WR,2022,156.0,,,44,
K.J. Osborn,WR,2022,155.6,,,45,
Mack Hollins,WR,2022,154.16,,,46,
DeAndre Hopkins,WR,2022,151.7,8.0,90.0,47,
Parris Campbell,WR,2022,149.1,,,48,
Brandin Cooks,WR,2022,145.6,5.0,56.7,49,Bust
Richie James,WR,2022,138.5,,,50,
Jahan Dotson,WR,2022,130.6,,,51,
Darius Slayton,WR,2022,128.4,,,52,
Russell Gage,WR,2022,123.60000000000001,,,53,
Marquez Valdes-Scantling,WR,2022,122.4,11.0,129.0,54,
Isaiah McKenzie,WR,2022,119.80000000000001,13.0,152.6,55,
Robert Woods,WR,2022,117.7,9.0,102.5,56,
Marvin Jones,WR,2022,116.9,,,57,
Kalif Raymond,WR,2022,116.2,,,58,
Devin Duvernay,WR,2022,116.10000000000001,,,59,
Josh Allen,QB,2023,392.64,3.0,26.6,1,
Jalen Hurts,QB,2023,356.82,3.0,26.9,2,
Dak Prescott,QB,2023,342.84000000000003,7.0,82.2,3,
Lamar Jackson,QB,2023,331.22,4.0,36.9,4,
Jordan Love,QB,2023,319.06,13.0,155.5,5,Big Value
Brock Purdy,QB,2023,295.6,13.0,152.5,6,Big Value
Jared Goff,QB,2023,289.1,11.0,122.6,7,
Patrick Mahomes,QB,2023,280.22,2.0,19.6,8,
C.J. Stroud,QB,2023,276.02,,,9,
Baker Mayfield,QB,2023,274.06,,,10,
Tua Tagovailoa,QB,2023,270.36,8.0,84.9,11,
Trevor Lawrence,QB,2023,262.54,5.0,58.4,12,Big Bust
Sam Howell,QB,2023,257.54,,,13,
Russell Wilson,QB,2023,256.90000000000003,11.0,129.9,14,
Matthew Stafford,QB,2023,243.1,13.0,151.0,15,
Derek Carr,QB,2023,241.12,13.0,145.3,16,
Justin Herbert,QB,2023,234.16,5.0,50.3,17,Big Bust
Justin Fields,QB,2023,230.18,5.0,48.8,18,Big Bust
Geno Smith,QB,2023,227.26,10.0,109.9,19,
Gardner Minshew,QB,2023,196.20000000000002,,,20,
Desmond Ridder,QB,2023,177.14000000000001,,,21,
Bryce Young,QB,2023,156.38,,,22,
Kirk Cousins,QB,2023,149.74,9.0,99.4,23,
Joe Burrow,QB,2023,147.16,4.0,43.2,24,Big Bust
Christian McCaffrey,RB,2023,391.3,1.0,2.4,1,
Breece Hall,RB,2023,290.5,4.0,36.6,2,
Travis Etienne,RB,2023,282.4,3.0,34.7,3,
Rachaad White,RB,2023,267.9,6.0,68.1,4,Big Value
Raheem Mostert,RB,2023,267.7,11.0,122.8,5,Season Winner
Joe Mixon,RB,2023,267.0,3.0,31.4,6,
Kyren Williams,RB,2023,255.0,16.0,,7,Season Winner
Derrick Henry,RB,2023,246.66000000000003,2.0,17.9,8,
Bijan Robinson,RB,2023,246.3,1.0,8.8,9,
Jahmyr Gibbs,RB,2023,242.10000000000002,4.0,36.7,10,
Alvin Kamara,RB,2023,233.0,6.0,69.2,11,Big Value
James Cook,RB,2023,232.70000000000002,7.0,77.6,12,Season Winner
Saquon Barkley,RB,2023,223.20000000000002,1.0,9.0,13,
Tony Pollard,RB,2023,222.60000000000002,2.0,15.2,14,
Isiah Pacheco,RB,2023,213.9,7.0,79.2,15,Big Value
Jerome Ford,RB,2023,211.20000000000002,14.0,157.4,16,Big Value
David Montgomery,RB,2023,207.2,7.0,76.8,17,Big Value
James Conner,RB,2023,201.5,6.0,66.2,18,Value
Kenneth Walker III,RB,2023,199.4,4.0,47.9,19,Value
D'Andre Swift,RB,2023,199.3,7.0,75.9,20,Big Value
Brian Robinson,RB,2023,198.10000000000002,8.0,94.2,21,Big Value
Jaylen Warren,RB,2023,196.4,10.0,119.8,22,Big Value
Najee Harris,RB,2023,195.5,3.0,30.4,23,
De'Von Achane,RB,2023,190.7,10.0,117.8,24,Big Value
Gus Edwards,RB,2023,187.0,14.0,160.6,25,
Austin Ekeler,RB,2023,185.4,1.0,5.0,26,Season Ender
Chuba Hubbard,RB,2023,182.5,14.0,160.7,27,
Josh Jacobs,RB,2023,181.1,2.0,21.9,28,Big Bust
Javonte Williams,RB,2023,179.2,7.0,72.8,29,
Ezekiel Elliott,RB,2023,174.5,,,30,
Zack Moss,RB,2023,169.6,14.0,163.0,31,
Devin Singletary,RB,2023,167.34,11.0,130.7,32,
Jonathan Taylor,RB,2023,156.4,3.0,25.9,33,Big Bust
Tyjae Spears,RB,2023,153.8,13.0,150.9,34,
Rhamondre Stevenson,RB,2023,145.70000000000002,2.0,23.4,35,Big Bust
Tyler Allgeier,RB,2023,137.6,11.0,125.0,36,
Aaron Jones,RB,2023,134.9,4.0,38.9,37,Bust
Alexander Mattison,RB,2023,133.20000000000002,5.0,56.9,38,Bust
Antonio Gibson,RB,2023,127.4,8.0,88.9,39,
Samaje Perine,RB,2023,121.30000000000001,9.0,99.3,40,
Kareem Hunt,RB,2023,118.5,,,41,
AJ Dillon,RB,2023,117.60000000000001,8.0,91.7,42,
Khalil Herbert,RB,2023,112.5,8.0,94.4,43,
Justice Hill,RB,2023,109.30000000000001,,,44,
Zach Charbonnet,RB,2023,106.1,9.0,107.2,45,
Jaleel McLaughlin,RB,2023,106.0,,,46,
Roschon Johnson,RB,2023,102.1,14.0,157.7,47,
Ty Chandler,RB,2023,101.0,,,48,
Kenny Gainwell,RB,2023,97.38,11.0,131.1,49,
Rico Dowdle,RB,2023,91.5,,,50,
D'Onta Foreman,RB,2023,91.2,12.0,137.1,51,
Miles Sanders,RB,2023,87.60000000000001,5.0,52.9,52,Bust
Jerick McKinnon,RB,2023,84.36,10.0,111.3,53,
Latavius Murray,RB,2023,82.9,,,54,
Dameon Pierce,RB,2023,82.7,5.0,57.0,55,Bust
Zamir White,RB,2023,73.9,13.0,153.7,56,
Emari Demercado,RB,2023,73.3,,,57,
Clyde Edwards-Helaire,RB,2023,70.10000000000001,14.0,157.9,58,
Keaton Mitchell,RB,2023,69.9,,,59,
Joshua Kelley,RB,2023,61.7,,,60,
Sam LaPorta,TE,2023,239.3,13.0,152.9,1,Big Value
Evan Engram,TE,2023,230.3,8.0,87.9,2,
Travis Kelce,TE,2023,219.4,1.0,5.9,3,
T.J. Hockenson,TE,2023,219.0,4.0,44.2,4,
George Kittle,TE,2023,203.20000000000002,5.0,55.7,5,
David Njoku,TE,2023,201.2,9.0,103.8,6,Big Value
Trey McBride,TE,2023,181.5,,,7,
Cole Kmet,TE,2023,181.1,13.0,146.0,8,
Jake Ferguson,TE,2023,177.1,14.0,161.9,9,
Dalton Schultz,TE,2023,150.5,10.0,117.4,10,
Dalton Kincaid,TE,2023,150.3,13.0,146.9,11,
Taysom Hill,TE,2023,143.52,,,12,
Kyle Pitts,TE,2023,137.3,7.0,74.6,13,
Dallas Goedert,TE,2023,136.3,6.0,69.7,14,
Mark Andrews,TE,2023,135.4,3.0,28.9,15,Big Bust
Logan Thomas,TE,2023,126.8,,,16,
Jonnu Smith,TE,2023,124.2,,,17,
Tyler Conklin,TE,2023,123.1,,,18,
Hunter Henry,TE,2023,119.9,,,19,
Cade Otton,TE,2023,118.5,,,20,
Chig Okonkwo,TE,2023,113.4,12.0,140.4,21,
Darren Waller,TE,2023,113.2,5.0,60.3,22,
Gerald Everett,TE,2023,111.10000000000001,13.0,154.9,23,
Tyler Higbee,TE,2023,108.5,11.0,131.6,24,
CeeDee Lamb,WR,2023,403.20000000000005,1.0,11.0,1,
Tyreek Hill,WR,2023,376.4,1.0,4.4,2,
Amon-Ra St. Brown,WR,2023,330.90000000000003,2.0,13.2,3,
Puka Nacua,WR,2023,298.5,16.0,,4,Season Winner
A.J. Brown,WR,2023,289.6,1.0,12.5,5,
DJ Moore,WR,2023,286.5,4.0,44.7,6,Big Value
Mike Evans,WR,2023,282.5,6.0,67.6,7,Big Value
Keenan Allen,WR,2023,278.86,3.0,29.2,8,
Stefon Diggs,WR,2023,273.8,1.0,8.5,9,
Davante Adams,WR,2023,265.40000000000003,2.0,15.6,10,
Ja'Marr Chase,WR,2023,262.72,1.0,2.4,11,
Nico Collins,WR,2023,260.4,10.0,113.1,12,Season Winner
Michael Pittman,WR,2023,252.20000000000002,6.0,63.8,13,Value
Brandon Aiyuk,WR,2023,249.2,5.0,57.0,14,Value
Deebo Samuel Sr.,WR,2023,243.7,4.0,37.2,15,Value
Chris Olave,WR,2023,231.3,2.0,20.4,16,
Adam Thielen,WR,2023,231.0,11.0,126.3,17,Big Value
Calvin Ridley,WR,2023,229.9,3.0,29.2,18,
DeVonta Smith,WR,2023,227.6,2.0,23.3,19,
Amari Cooper,WR,2023,227.0,3.0,35.4,20,
DK Metcalf,WR,2023,225.4,3.0,30.8,21,
DeAndre Hopkins,WR,2023,223.6,4.0,41.4,22,
Jordan Addison,WR,2023,221.3,7.0,78.4,23,Big Value
Jakobi Meyers,WR,2023,218.58,10.0,109.4,24,Big Value
Jayden Reed,WR,2023,217.20000000000002,,,25,
Garrett Wilson,WR,2023,213.2,2.0,15.6,26,Big Bust
Rashee Rice,WR,2023,212.5,,,27,
Chris Godwin Jr.,WR,2023,209.2,5.0,49.3,28,
George Pickens,WR,2023,208.8,6.0,70.0,29,
Zay Flowers,WR,2023,206.4,9.0,100.0,30,
Terry McLaurin,WR,2023,203.20000000000002,5.0,49.7,31,
Tyler Lockett,WR,2023,202.4,5.0,55.7,32,
Justin Jefferson,WR,2023,202.2,1.0,1.4,33,Season Ender
Jaylen Waddle,WR,2023,198.60000000000002,2.0,19.9,34,Big Bust
Courtland Sutton,WR,2023,190.20000000000002,8.0,87.0,35,
Romeo Doubs,WR,2023,174.4,11.0,127.7,36,
Drake London,WR,2023,174.38,4.0,44.1,37,Bust
Brandin Cooks,WR,2023,173.2,8.0,85.1,38,
Tank Dell,WR,2023,165.0,,,39,
Cooper Kupp,WR,2023,164.4,1.0,7.0,40,Season Ender
Gabe Davis,WR,2023,161.4,8.0,89.5,41,
Rashid Shaheed,WR,2023,157.6,,,42,
Curtis Samuel,WR,2023,157.2,,,43,
Josh Downs,WR,2023,157.1,,,44,
Diontae Johnson,WR,2023,152.7,5.0,53.4,45,Bust
Darius Slayton,WR,2023,151.0,,,46,
Christian Kirk,WR,2023,150.26,5.0,60.3,47,Bust
Jaxon Smith-Njigba,WR,2023,149.8,7.0,83.0,48,
Tyler Boyd,WR,2023,144.8,11.0,130.4,49,
Jerry Jeudy,WR,2023,141.8,4.0,44.8,50,Bust
Tee Higgins,WR,2023,137.6,3.0,26.6,51,Big Bust
Marquise Brown,WR,2023,134.70000000000002,,,52,
Wan'Dale Robinson,WR,2023,133.2,14.0,157.2,53,
Elijah Moore,WR,2023,132.10000000000002,9.0,97.2,54,
Josh Reynolds,WR,2023,128.8,,,55,
Jahan Dotson,WR,2023,124.8,7.0,73.1,56,
K.J. Osborn,WR,2023,120.0,14.0,160.2,57,
Dontayvion Wicks,WR,2023,119.76,,,58,
DJ Chark,WR,2023,115.5,12.0,143.2,59,
Michael Wilson,WR,2023,114.5,,,60,
